,P_grid,P_wind,P_pv,P_b,P_ele,P_pro,soc,Mh2,price_grid,expenditure,accumulated_ex,quantafuel_h2,methanol_h2,everfuel_h2,
0,1.445766676,23.39430922,0,1.23972079,12.90458538,0.799898991,0.111478941,2994.949566,20.11,74.93663138,74.93663138,4.10631324,19.19742574,59.1741768,,,,,,,,,,,,,,,,,,,,,,,,,,,,,,,,,,,,,,,,,,,,,,,,,,,,,,,,,,,,,,,,,,,,,,,,,,,,,,,,,,,,,,,,,,,,,,,,
1,1.447425931,23.39430922,0,1.188158128,12.95611415,0.801594594,0.122480405,2990.988867,20.11,74.94497328,149.8816047,3.737946777,18.91311478,59.04632177,,,,,,,,,,,,,,,,,,,,,,,,,,,,,,,,,,,,,,,,,,,,,,,,,,,,,,,,,,,,,,,,,,,,,,,,,,,,,,,,,,,,,,,,,,,,,,,,
2,1.447522849,23.39430922,0,1.174967267,12.96932104,0.801671163,0.133359732,2987.617411,20.11,74.94546054,224.8270652,3.635967487,18.8043338,58.74708129,,,,,,,,,,,,,,,,,,,,,,,,,,,,,,,,,,,,,,,,,,,,,,,,,,,,,,,,,,,,,,,,,,,,,,,,,,,,,,,,,,,,,,,,,,,,,,,,
3,1.447871345,23.39430922,0,1.155511351,12.9887833,0.802010497,0.144058911,2984.913475,20.11,74.9472126,299.7742778,3.488169592,18.66757255,58.48089397,,,,,,,,,,,,,,,,,,,,,,,,,,,,,,,,,,,,,,,,,,,,,,,,,,,,,,,,,,,,,,,,,,,,,,,,,,,,,,,,,,,,,,,,,,,,,,,,
4,1.000312097,21.08624439,0,1.108572839,10.72766455,0.802267571,0.154323475,2969.361193,19.37,65.83597323,365.610251,3.283233188,18.4810343,58.15400208,,,,,,,,,,,,,,,,,,,,,,,,,,,,,,,,,,,,,,,,,,,,,,,,,,,,,,,,,,,,,,,,,,,,,,,,,,,,,,,,,,,,,,,,,,,,,,,,
5,1.000321951,21.08624439,0,1.083221206,10.75301681,0.80227668,0.164353301,2954.38954,19.37,65.83602094,431.446272,3.1483337,18.35659665,57.98482458,,,,,,,,,,,,,,,,,,,,,,,,,,,,,,,,,,,,,,,,,,,,,,,,,,,,,,,,,,,,,,,,,,,,,,,,,,,,,,,,,,,,,,,,,,,,,,,,
6,1.000287653,21.08624439,0,1.059878114,10.77636038,0.802241962,0.174166987,2939.85562,19.37,65.83585486,497.2821268,3.041406629,18.25549911,57.89517634,,,,,,,,,,,,,,,,,,,,,,,,,,,,,,,,,,,,,,,,,,,,,,,,,,,,,,,,,,,,,,,,,,,,,,,,,,,,,,,,,,,,,,,,,,,,,,,,
7,1.000236941,21.08624439,0,1.038495637,10.79774321,0.802191035,0.183782688,2925.689397,19.37,65.83560928,563.1177361,2.955242169,18.16962622,57.82781476,,,,,,,,,,,,,,,,,,,,,,,,,,,,,,,,,,,,,,,,,,,,,,,,,,,,,,,,,,,,,,,,,,,,,,,,,,,,,,,,,,,,,,,,,,,,,,,,
8,0.738187202,18.93521022,0,1.006938606,8.678266938,0.802260076,0.193106194,2899.054211,18.36,58.15837483,621.2761109,2.884418806,18.0940295,57.72633938,,,,,,,,,,,,,,,,,,,,,,,,,,,,,,,,,,,,,,,,,,,,,,,,,,,,,,,,,,,,,,,,,,,,,,,,,,,,,,,,,,,,,,,,,,,,,,,,
9,0.738144351,18.93521022,0,0.98936826,8.695837412,0.80221724,0.202267011,2872.745153,18.36,58.15817815,679.4342891,2.834043477,18.03707657,57.61296272,,,,,,,,,,,,,,,,,,,,,,,,,,,,,,,,,,,,,,,,,,,,,,,,,,,,,,,,,,,,,,,,,,,,,,,,,,,,,,,,,,,,,,,,,,,,,,,,
10,0.738109198,18.93521022,0,0.973318572,8.711887194,0.80218211,0.21127922,2846.744101,18.36,58.15801679,737.5923059,2.795370543,17.99116302,57.48584152,,,,,,,,,,,,,,,,,,,,,,,,,,,,,,,,,,,,,,,,,,,,,,,,,,,,,,,,,,,,,,,,,,,,,,,,,,,,,,,,,,,,,,,,,,,,,,,,
11,0.738082172,18.93521022,0,0.95818163,8.727024208,0.802155103,0.220151272,2821.031932,18.36,58.15789274,795.7501986,2.764327564,17.95302025,57.35696685,,,,,,,,,,,,,,,,,,,,,,,,,,,,,,,,,,,,,,,,,,,,,,,,,,,,,,,,,,,,,,,,,,,,,,,,,,,,,,,,,,,,,,,,,,,,,,,,
12,1.155047601,22.04324884,0,0.974427799,11.81881585,0.801960876,0.229173752,2814.042548,18.34,69.05599052,864.8061891,2.740738956,17.92277921,57.2387615,,,,,,,,,,,,,,,,,,,,,,,,,,,,,,,,,,,,,,,,,,,,,,,,,,,,,,,,,,,,,,,,,,,,,,,,,,,,,,,,,,,,,,,,,,,,,,,,
13,1.155022943,22.04324884,0,0.962313428,11.83093031,0.801936204,0.238084062,2807.32691,18.34,69.05587747,933.8620666,2.717736903,17.89213193,57.09135111,,,,,,,,,,,,,,,,,,,,,,,,,,,,,,,,,,,,,,,,,,,,,,,,,,,,,,,,,,,,,,,,,,,,,,,,,,,,,,,,,,,,,,,,,,,,,,,,
14,1.154991602,22.04324884,0,0.950418762,11.84282505,0.801904886,0.246884236,2800.899599,18.34,69.05573377,1002.9178,2.696493545,17.86251,56.92525778,,,,,,,,,,,,,,,,,,,,,,,,,,,,,,,,,,,,,,,,,,,,,,,,,,,,,,,,,,,,,,,,,,,,,,,,,,,,,,,,,,,,,,,,,,,,,,,,
15,1.154967566,22.04324884,0,0.938590828,11.85465305,0.801880857,0.255574892,2794.760471,18.34,69.05562356,1071.973424,2.675729327,17.83345911,56.75785823,,,,,,,,,,,,,,,,,,,,,,,,,,,,,,,,,,,,,,,,,,,,,,,,,,,,,,,,,,,,,,,,,,,,,,,,,,,,,,,,,,,,,,,,,,,,,,,,
16,1.254953716,25.47403777,0,1.359997697,14.0970215,0.801675843,0.268167463,2802.28082,18.16,79.38114411,1151.354568,2.657255252,17.80692744,56.59759767,,,,,,,,,,,,,,,,,,,,,,,,,,,,,,,,,,,,,,,,,,,,,,,,,,,,,,,,,,,,,,,,,,,,,,,,,,,,,,,,,,,,,,,,,,,,,,,,
17,1.254931797,25.47403777,0,1.359997594,14.09702163,0.801653959,0.280760034,2810.050929,18.16,79.3810446,1230.735613,2.636341602,17.77645195,56.39922804,,,,,,,,,,,,,,,,,,,,,,,,,,,,,,,,,,,,,,,,,,,,,,,,,,,,,,,,,,,,,,,,,,,,,,,,,,,,,,,,,,,,,,,,,,,,,,,,
18,1.254907267,25.47403777,0,1.359997503,14.09702175,0.801629468,0.293352603,2818.119321,18.16,79.38093323,1310.116546,2.615921022,17.74445106,56.15336696,,,,,,,,,,,,,,,,,,,,,,,,,,,,,,,,,,,,,,,,,,,,,,,,,,,,,,,,,,,,,,,,,,,,,,,,,,,,,,,,,,,,,,,,,,,,,,,,
19,1.254874894,25.47403777,0,1.359997422,14.09702185,0.801597161,0.305945172,2826.550731,18.16,79.38078626,1389.497332,2.596281483,17.71078369,55.84365535,,,,,,,,,,,,,,,,,,,,,,,,,,,,,,,,,,,,,,,,,,,,,,,,,,,,,,,,,,,,,,,,,,,,,,,,,,,,,,,,,,,,,,,,,,,,,,,,
20,0.834866058,19.82645379,0,0.835125668,9.741323954,0.801864356,0.313677817,2809.303623,18.66,61.24266774,1450.74,2.573066454,17.67090389,55.45108226,,,,,,,,,,,,,,,,,,,,,,,,,,,,,,,,,,,,,,,,,,,,,,,,,,,,,,,,,,,,,,,,,,,,,,,,,,,,,,,,,,,,,,,,,,,,,,,,
21,0.834828685,19.82645379,0,0.821237086,9.755212564,0.801827086,0.321281865,2792.557571,18.66,61.2424934,1511.982493,2.554844398,17.63787708,55.08460599,,,,,,,,,,,,,,,,,,,,,,,,,,,,,,,,,,,,,,,,,,,,,,,,,,,,,,,,,,,,,,,,,,,,,,,,,,,,,,,,,,,,,,,,,,,,,,,,
22,0.834794387,19.82645379,0,0.807494797,9.76895488,0.801792881,0.328758668,2776.282969,18.66,61.2423334,1573.224827,2.53664164,17.60683276,54.74485709,,,,,,,,,,,,,,,,,,,,,,,,,,,,,,,,,,,,,,,,,,,,,,,,,,,,,,,,,,,,,,,,,,,,,,,,,,,,,,,,,,,,,,,,,,,,,,,,
23,0.834762715,19.82645379,0,0.793871894,9.782577808,0.801761295,0.336109334,2760.448682,18.66,61.24218565,1634.467012,2.518178204,17.57739835,54.43417807,,,,,,,,,,,,,,,,,,,,,,,,,,,,,,,,,,,,,,,,,,,,,,,,,,,,,,,,,,,,,,,,,,,,,,,,,,,,,,,,,,,,,,,,,,,,,,,,
24,1.41390276,23.8566341,1.445495392,1.359996617,14.097022,0.801434663,0.348701896,2770.81376,17.39,81.42570639,1715.892719,2.503727483,17.55391271,54.15941348,,,,,,,,,,,,,,,,,,,,,,,,,,,,,,,,,,,,,,,,,,,,,,,,,,,,,,,,,,,,,,,,,,,,,,,,,,,,,,,,,,,,,,,,,,,,,,,,
25,1.413865649,23.8566341,1.445495392,1.359996576,14.09702205,0.801397671,0.361294457,2781.597635,17.39,81.42554504,1797.318264,2.486133682,17.52492295,53.78720101,,,,,,,,,,,,,,,,,,,,,,,,,,,,,,,,,,,,,,,,,,,,,,,,,,,,,,,,,,,,,,,,,,,,,,,,,,,,,,,,,,,,,,,,,,,,,,,,
26,1.413819665,23.8566341,1.445495392,1.35999654,14.0970221,0.801351831,0.373887017,2792.914835,17.39,81.42534513,1878.743609,2.469361855,17.494479,53.30109236,,,,,,,,,,,,,,,,,,,,,,,,,,,,,,,,,,,,,,,,,,,,,,,,,,,,,,,,,,,,,,,,,,,,,,,,,,,,,,,,,,,,,,,,,,,,,,,,
27,1.413772367,23.8566341,1.445495392,1.359996509,14.09702215,0.801304669,0.386479578,2804.903739,17.39,81.4251395,1960.168748,2.452714761,17.4620412,52.6784736,,,,,,,,,,,,,,,,,,,,,,,,,,,,,,,,,,,,,,,,,,,,,,,,,,,,,,,,,,,,,,,,,,,,,,,,,,,,,,,,,,,,,,,,,,,,,,,,
28,1.394699633,19.25613922,4.016540846,0.904493181,13.11818174,0.801362887,0.394854515,2811.88141,18.22,79.48302679,2039.651775,2.433809682,17.42495394,51.87265572,,,,,,,,,,,,,,,,,,,,,,,,,,,,,,,,,,,,,,,,,,,,,,,,,,,,,,,,,,,,,,,,,,,,,,,,,,,,,,,,,,,,,,,,,,,,,,,,
29,1.394649483,19.25613922,4.016540846,0.898050306,13.12462467,0.801312846,0.403169796,2819.958206,18.22,79.48279836,2119.134574,2.41454455,17.38633795,50.87006995,,,,,,,,,,,,,,,,,,,,,,,,,,,,,,,,,,,,,,,,,,,,,,,,,,,,,,,,,,,,,,,,,,,,,,,,,,,,,,,,,,,,,,,,,,,,,,,,
30,1.394599486,19.25613922,4.016540846,0.891176501,13.13149854,0.801262955,0.41142143,2829.435605,18.22,79.48257062,2198.617144,2.393086022,17.34390543,49.57460155,,,,,,,,,,,,,,,,,,,,,,,,,,,,,,,,,,,,,,,,,,,,,,,,,,,,,,,,,,,,,,,,,,,,,,,,,,,,,,,,,,,,,,,,,,,,,,,,
31,1.394546601,19.25613922,4.016540846,0.883759874,13.13891523,0.801210182,0.419604392,2840.776954,18.22,79.48232973,2278.099474,2.369414129,17.29706244,47.82566575,,,,,,,,,,,,,,,,,,,,,,,,,,,,,,,,,,,,,,,,,,,,,,,,,,,,,,,,,,,,,,,,,,,,,,,,,,,,,,,,,,,,,,,,,,,,,,,,
32,0.253753288,23.30256693,4.315551687,1.359997984,14.09702324,0.801032401,0.432196966,2854.682773,22.1,87.53415609,2365.63363,4.695918406,17.24459482,48.73580696,,,,,,,,,,,,,,,,,,,,,,,,,,,,,,,,,,,,,,,,,,,,,,,,,,,,,,,,,,,,,,,,,,,,,,,,,,,,,,,,,,,,,,,,,,,,,,,,
33,0.2537018,23.30256693,4.315551687,1.359997976,14.09702329,0.800981032,0.44478954,2872.592029,22.1,87.53387162,2453.167502,4.599941803,17.1869334,44.88600928,,,,,,,,,,,,,,,,,,,,,,,,,,,,,,,,,,,,,,,,,,,,,,,,,,,,,,,,,,,,,,,,,,,,,,,,,,,,,,,,,,,,,,,,,,,,,,,,
34,0.253659569,23.30256693,4.315551687,1.359997971,14.09702336,0.800938858,0.457382114,2896.525541,22.1,87.53363829,2540.70114,4.496618947,17.12189793,39.0301118,,,,,,,,,,,,,,,,,,,,,,,,,,,,,,,,,,,,,,,,,,,,,,,,,,,,,,,,,,,,,,,,,,,,,,,,,,,,,,,,,,,,,,,,,,,,,,,,
35,0.253590788,23.30256693,4.315551687,1.35999797,14.09702344,0.800870216,0.469974688,2928.73824,22.1,87.53325828,2628.234398,4.378360076,17.04236505,30.94871633,,,,,,,,,,,,,,,,,,,,,,,,,,,,,,,,,,,,,,,,,,,,,,,,,,,,,,,,,,,,,,,,,,,,,,,,,,,,,,,,,,,,,,,,,,,,,,,,
36,1.48109213,4.844460896,4.3299857,-0.638971705,0.638971461,0.801894349,0.464058283,2890.087275,23.93,41.66537474,2669.899773,4.194188601,16.90541507,21.38519106,,,,,,,,,,,,,,,,,,,,,,,,,,,,,,,,,,,,,,,,,,,,,,,,,,,,,,,,,,,,,,,,,,,,,,,,,,,,,,,,,,,,,,,,,,,,,,,,
37,1.481018265,4.844460896,4.3299857,-0.644496631,0.644496423,0.801820754,0.458090722,2855.70991,23.93,41.66493285,2711.564706,4.094129371,16.82496774,17.32524694,,,,,,,,,,,,,,,,,,,,,,,,,,,,,,,,,,,,,,,,,,,,,,,,,,,,,,,,,,,,,,,,,,,,,,,,,,,,,,,,,,,,,,,,,,,,,,,,
38,1.480969995,4.844460896,4.3299857,-0.650841094,0.650840897,0.801772673,0.452064416,2823.721547,23.93,41.66464407,2753.22935,4.019390236,16.76208029,15.11193798,,,,,,,,,,,,,,,,,,,,,,,,,,,,,,,,,,,,,,,,,,,,,,,,,,,,,,,,,,,,,,,,,,,,,,,,,,,,,,,,,,,,,,,,,,,,,,,,
39,1.480908899,4.844460896,4.3299857,-0.657253327,0.657253131,0.801711829,0.445978737,2793.265991,23.93,41.66427856,2794.893628,3.960463085,16.71045209,13.72815925,,,,,,,,,,,,,,,,,,,,,,,,,,,,,,,,,,,,,,,,,,,,,,,,,,,,,,,,,,,,,,,,,,,,,,,,,,,,,,,,,,,,,,,,,,,,,,,,
40,0.517249773,4.529987027,5.614317297,-0.663064947,0.663064752,0.801506229,0.439839247,2763.878839,24.23,40.60236505,2835.495993,3.913914647,16.66813453,12.78349236,,,,,,,,,,,,,,,,,,,,,,,,,,,,,,,,,,,,,,,,,,,,,,,,,,,,,,,,,,,,,,,,,,,,,,,,,,,,,,,,,,,,,,,,,,,,,,,,
41,0.517177824,4.529987027,5.614317297,-0.668183873,0.668183678,0.801434577,0.433652359,2735.273384,24.23,40.60192921,2876.097923,3.877511719,16.63402015,12.10302502,,,,,,,,,,,,,,,,,,,,,,,,,,,,,,,,,,,,,,,,,,,,,,,,,,,,,,,,,,,,,,,,,,,,,,,,,,,,,,,,,,,,,,,,,,,,,,,,
42,0.517102093,4.529987027,5.614317297,-0.673383968,0.673383772,0.801359161,0.427417323,2707.259515,24.23,40.60147047,2916.699393,3.848486293,16.60628022,11.59940615,,,,,,,,,,,,,,,,,,,,,,,,,,,,,,,,,,,,,,,,,,,,,,,,,,,,,,,,,,,,,,,,,,,,,,,,,,,,,,,,,,,,,,,,,,,,,,,,
43,0.517032206,4.529987027,5.614317297,-0.679255724,0.679255522,0.80128957,0.421127918,2679.695006,24.23,40.60104713,2957.30044,3.824760991,16.58371802,11.23156297,,,,,,,,,,,,,,,,,,,,,,,,,,,,,,,,,,,,,,,,,,,,,,,,,,,,,,,,,,,,,,,,,,,,,,,,,,,,,,,,,,,,,,,,,,,,,,,,
44,0.377280936,4.200122535,10.22287944,0.152991979,3.890007321,0.800964525,0.422544511,2671.668271,24.84,58.85906583,3016.159506,3.809263594,16.56962304,10.98789298,,,,,,,,,,,,,,,,,,,,,,,,,,,,,,,,,,,,,,,,,,,,,,,,,,,,,,,,,,,,,,,,,,,,,,,,,,,,,,,,,,,,,,,,,,,,,,,,
45,0.377210342,4.200122535,10.22287944,0.143385592,3.899613717,0.800894213,0.423872155,2663.940032,24.84,58.85862744,3075.018134,3.793412875,16.55462707,10.77788161,,,,,,,,,,,,,,,,,,,,,,,,,,,,,,,,,,,,,,,,,,,,,,,,,,,,,,,,,,,,,,,,,,,,,,,,,,,,,,,,,,,,,,,,,,,,,,,,
46,0.377132402,4.200122535,10.22287944,0.135362107,3.907637209,0.80081659,0.425125508,2656.456843,24.84,58.85814343,3133.876277,3.780566128,16.54225939,10.60618647,,,,,,,,,,,,,,,,,,,,,,,,,,,,,,,,,,,,,,,,,,,,,,,,,,,,,,,,,,,,,,,,,,,,,,,,,,,,,,,,,,,,,,,,,,,,,,,,
47,0.377059404,4.200122535,10.22287944,0.128345002,3.91465432,0.800743887,0.426313888,2649.167862,24.84,58.85769011,3192.733967,3.769586412,16.53189686,10.47542382,,,,,,,,,,,,,,,,,,,,,,,,,,,,,,,,,,,,,,,,,,,,,,,,,,,,,,,,,,,,,,,,,,,,,,,,,,,,,,,,,,,,,,,,,,,,,,,,
48,0.449561201,5.984878884,10.13340462,0.194714503,5.543566171,0.800581299,0.4281168,2651.755547,24.45,64.03818108,3256.772148,3.761385637,16.52461046,10.38771682,,,,,,,,,,,,,,,,,,,,,,,,,,,,,,,,,,,,,,,,,,,,,,,,,,,,,,,,,,,,,,,,,,,,,,,,,,,,,,,,,,,,,,,,,,,,,,,,
49,0.449488146,5.984878884,10.13340462,0.187509447,5.550771233,0.800508541,0.429852999,2654.501264,24.45,64.03773453,3320.809883,3.751843883,16.51554925,10.29151727,,,,,,,,,,,,,,,,,,,,,,,,,,,,,,,,,,,,,,,,,,,,,,,,,,,,,,,,,,,,,,,,,,,,,,,,,,,,,,,,,,,,,,,,,,,,,,,,
50,0.449410511,5.984878884,10.13340462,0.180536229,5.557744457,0.800431222,0.431524631,2657.415086,24.45,64.03725999,3384.847143,3.742313872,16.50608645,10.18424544,,,,,,,,,,,,,,,,,,,,,,,,,,,,,,,,,,,,,,,,,,,,,,,,,,,,,,,,,,,,,,,,,,,,,,,,,,,,,,,,,,,,,,,,,,,,,,,,
51,0.449334329,5.984878884,10.13340462,0.173548406,5.564732285,0.800355349,0.433131561,2660.513111,24.45,64.03679433,3448.883937,3.732182455,16.49575424,10.06243233,,,,,,,,,,,,,,,,,,,,,,,,,,,,,,,,,,,,,,,,,,,,,,,,,,,,,,,,,,,,,,,,,,,,,,,,,,,,,,,,,,,,,,,,,,,,,,,,
52,0.536072196,8.260596894,9.378870229,0.216893545,7.042570628,0.800196406,0.435139834,2672.638367,24.41,67.86945388,3516.753391,3.722183173,16.48533195,9.922652439,,,,,,,,,,,,,,,,,,,,,,,,,,,,,,,,,,,,,,,,,,,,,,,,,,,,,,,,,,,,,,,,,,,,,,,,,,,,,,,,,,,,,,,,,,,,,,,,
53,0.53598282,8.260596894,9.378870229,0.207694979,7.051769202,0.800107392,0.437062936,2685.060007,24.41,67.86890847,3584.622299,3.70732581,16.46919243,9.712457828,,,,,,,,,,,,,,,,,,,,,,,,,,,,,,,,,,,,,,,,,,,,,,,,,,,,,,,,,,,,,,,,,,,,,,,,,,,,,,,,,,,,,,,,,,,,,,,,
54,0.53587451,8.260596894,9.378870229,0.195304796,7.064159398,0.799999518,0.438871314,2697.869333,24.41,67.8682475,3652.490547,3.68587001,16.44584194,9.443918577,,,,,,,,,,,,,,,,,,,,,,,,,,,,,,,,,,,,,,,,,,,,,,,,,,,,,,,,,,,,,,,,,,,,,,,,,,,,,,,,,,,,,,,,,,,,,,,,
55,0.535796748,8.260596894,9.378870229,0.178588726,7.080875487,0.799922057,0.440524913,2711.12257,24.41,67.86777296,3720.35832,3.655030762,16.41312902,9.163856453,,,,,,,,,,,,,,,,,,,,,,,,,,,,,,,,,,,,,,,,,,,,,,,,,,,,,,,,,,,,,,,,,,,,,,,,,,,,,,,,,,,,,,,,,,,,,,,,
56,-9.753389878,29.88778579,7.91864649,1.359998472,14.0970244,0.798854099,0.453117492,2766.742727,24.94,60.00496027,3780.36328,3.634822173,16.39191886,8.935248373,,,,,,,,,,,,,,,,,,,,,,,,,,,,,,,,,,,,,,,,,,,,,,,,,,,,,,,,,,,,,,,,,,,,,,,,,,,,,,,,,,,,,,,,,,,,,,,,
57,-9.753464241,29.88778579,7.91864649,1.359998468,14.09702443,0.798779988,0.465710071,2822.895545,24.94,60.00449661,3840.367777,3.587315319,16.3384702,8.503543693,,,,,,,,,,,,,,,,,,,,,,,,,,,,,,,,,,,,,,,,,,,,,,,,,,,,,,,,,,,,,,,,,,,,,,,,,,,,,,,,,,,,,,,,,,,,,,,,
58,-9.753557693,29.88778579,7.91864649,1.359998468,14.09702447,0.798686848,0.478302649,2879.772816,24.94,60.00391394,3900.371691,3.530615437,16.26983649,7.904423807,,,,,,,,,,,,,,,,,,,,,,,,,,,,,,,,,,,,,,,,,,,,,,,,,,,,,,,,,,,,,,,,,,,,,,,,,,,,,,,,,,,,,,,,,,,,,,,,
59,-9.753672302,29.88778579,7.91864649,1.359998472,14.09702452,0.798572596,0.490895228,2937.633477,24.94,60.00319935,3960.37489,3.453074496,16.16900462,7.099407615,,,,,,,,,,,,,,,,,,,,,,,,,,,,,,,,,,,,,,,,,,,,,,,,,,,,,,,,,,,,,,,,,,,,,,,,,,,,,,,,,,,,,,,,,,,,,,,,
60,0.459404884,10.77422858,5.69491121,-0.069705552,6.158842787,0.799505117,0.490249806,2949.417443,25.27,58.78266118,4019.157551,3.295723297,15.95051641,5.922850832,,,,,,,,,,,,,,,,,,,,,,,,,,,,,,,,,,,,,,,,,,,,,,,,,,,,,,,,,,,,,,,,,,,,,,,,,,,,,,,,,,,,,,,,,,,,,,,,
61,0.459293274,10.77422858,5.69491121,-0.197985195,6.287122576,0.799393818,0.48841661,2963.381729,25.27,58.78195608,4077.939507,3.130761606,15.69037059,4.937318406,,,,,,,,,,,,,,,,,,,,,,,,,,,,,,,,,,,,,,,,,,,,,,,,,,,,,,,,,,,,,,,,,,,,,,,,,,,,,,,,,,,,,,,,,,,,,,,,
62,0.459217932,10.77422858,5.69491121,-0.378075156,6.46721274,0.799318576,0.484915914,2979.873705,25.27,58.78148011,4136.720987,2.93182445,15.33265134,4.046824533,,,,,,,,,,,,,,,,,,,,,,,,,,,,,,,,,,,,,,,,,,,,,,,,,,,,,,,,,,,,,,,,,,,,,,,,,,,,,,,,,,,,,,,,,,,,,,,,
63,0.459116716,10.77422858,5.69491121,-0.63233782,6.72147569,0.799217481,0.479060935,2999.493962,25.27,58.78084068,4195.501828,2.692321679,14.8299087,3.186367176,,,,,,,,,,,,,,,,,,,,,,,,,,,,,,,,,,,,,,,,,,,,,,,,,,,,,,,,,,,,,,,,,,,,,,,,,,,,,,,,,,,,,,,,,,,,,,,,
64,1.046399909,6.324278652,3.28429819,-1.222735931,1.222735507,0.799537355,0.467739306,2993.751653,25.69,39.26733356,4234.769162,1.157449527,10.98174098,0.939531734,,,,,,,,,,,,,,,,,,,,,,,,,,,,,,,,,,,,,,,,,,,,,,,,,,,,,,,,,,,,,,,,,,,,,,,,,,,,,,,,,,,,,,,,,,,,,,,,
65,1.046284157,6.324278652,3.28429819,-1.238812462,1.238812034,0.799422086,0.45626882,2988.435851,25.69,39.26659015,4274.035752,1.074331506,10.90534652,0.768996185,,,,,,,,,,,,,,,,,,,,,,,,,,,,,,,,,,,,,,,,,,,,,,,,,,,,,,,,,,,,,,,,,,,,,,,,,,,,,,,,,,,,,,,,,,,,,,,,
66,1.0461752,6.324278652,3.28429819,-1.247999504,1.247999053,0.799313604,0.444713269,2983.37526,25.69,39.26589037,4313.301642,1.018072325,10.85504196,0.675471838,,,,,,,,,,,,,,,,,,,,,,,,,,,,,,,,,,,,,,,,,,,,,,,,,,,,,,,,,,,,,,,,,,,,,,,,,,,,,,,,,,,,,,,,,,,,,,,,
67,1.046060318,6.324278652,3.28429819,-1.254103077,1.254102594,0.799199229,0.433101204,2978.494318,25.69,39.26515254,4352.566795,0.97611305,10.81417771,0.615266761,,,,,,,,,,,,,,,,,,,,,,,,,,,,,,,,,,,,,,,,,,,,,,,,,,,,,,,,,,,,,,,,,,,,,,,,,,,,,,,,,,,,,,,,,,,,,,,,
68,5.856226189,3.858977258,0.769797234,-1.258448847,1.258448328,0.799756091,0.4214489,2973.733051,26.5,53.30051022,4405.867305,0.943437099,10.77956294,0.588957531,,,,,,,,,,,,,,,,,,,,,,,,,,,,,,,,,,,,,,,,,,,,,,,,,,,,,,,,,,,,,,,,,,,,,,,,,,,,,,,,,,,,,,,,,,,,,,,,
69,5.856108221,3.858977258,0.769797234,-1.262018391,1.262017836,0.799638645,0.409763545,2969.084072,26.5,53.29972868,4459.167034,0.916529258,10.74916777,0.555389113,,,,,,,,,,,,,,,,,,,,,,,,,,,,,,,,,,,,,,,,,,,,,,,,,,,,,,,,,,,,,,,,,,,,,,,,,,,,,,,,,,,,,,,,,,,,,,,,
70,5.855990526,3.858977258,0.769797234,-1.265015326,1.265014734,0.799521471,0.39805044,2964.528909,26.5,53.29894895,4512.465983,0.893981649,10.72243873,0.528831149,,,,,,,,,,,,,,,,,,,,,,,,,,,,,,,,,,,,,,,,,,,,,,,,,,,,,,,,,,,,,,,,,,,,,,,,,,,,,,,,,,,,,,,,,,,,,,,,
71,5.855872836,3.858977258,0.769797234,-1.267634021,1.267633391,0.799404302,0.386313088,2960.054253,26.5,53.29816925,4565.764152,0.874612347,10.69864672,0.50719777,,,,,,,,,,,,,,,,,,,,,,,,,,,,,,,,,,,,,,,,,,,,,,,,,,,,,,,,,,,,,,,,,,,,,,,,,,,,,,,,,,,,,,,,,,,,,,,,
72,5.893475829,4.591758732,0,-1.269976307,1.269975639,0.799291411,0.374554048,2955.649959,26.68,52.59114591,4618.355298,0.857657868,10.67725416,0.489235979,,,,,,,,,,,,,,,,,,,,,,,,,,,,,,,,,,,,,,,,,,,,,,,,,,,,,,,,,,,,,,,,,,,,,,,,,,,,,,,,,,,,,,,,,,,,,,,,
73,5.893354958,4.591758732,0,-1.272103117,1.272102409,0.799171077,0.362775316,2951.307993,26.68,52.5903397,4670.945637,0.842576519,10.65783554,0.474168593,,,,,,,,,,,,,,,,,,,,,,,,,,,,,,,,,,,,,,,,,,,,,,,,,,,,,,,,,,,,,,,,,,,,,,,,,,,,,,,,,,,,,,,,,,,,,,,,
74,5.893230755,4.591758732,0,-1.274060282,1.274059534,0.799047425,0.350978462,2947.021847,26.68,52.58951127,4723.535149,0.82893795,10.64003165,0.461534301,,,,,,,,,,,,,,,,,,,,,,,,,,,,,,,,,,,,,,,,,,,,,,,,,,,,,,,,,,,,,,,,,,,,,,,,,,,,,,,,,,,,,,,,,,,,,,,,
75,5.893110534,4.591758732,0,-1.275890281,1.275889491,0.79892774,0.339164663,2942.786027,26.68,52.58870939,4776.123858,0.816426501,10.62359195,0.451138888,,,,,,,,,,,,,,,,,,,,,,,,,,,,,,,,,,,,,,,,,,,,,,,,,,,,,,,,,,,,,,,,,,,,,,,,,,,,,,,,,,,,,,,,,,,,,,,,
76,0.276367377,9.715266477,0,-1.288226332,1.753491837,0.797951812,0.327236641,2941.737328,26.16,29.90885093,4806.032709,0.518144322,10.60863075,0.442875497,,,,,,,,,,,,,,,,,,,,,,,,,,,,,,,,,,,,,,,,,,,,,,,,,,,,,,,,,,,,,,,,,,,,,,,,,,,,,,,,,,,,,,,,,,,,,,,,
77,0.276243896,9.715266477,0,-1.289868848,1.755134316,0.797828809,0.315293411,2940.729917,26.16,29.90804337,4835.940752,0.508568932,10.5940099,0.435638116,,,,,,,,,,,,,,,,,,,,,,,,,,,,,,,,,,,,,,,,,,,,,,,,,,,,,,,,,,,,,,,,,,,,,,,,,,,,,,,,,,,,,,,,,,,,,,,,
78,0.276113698,9.715266477,0,-1.291327948,1.756593377,0.797699116,0.303336671,2939.760496,26.16,29.90719187,4865.847944,0.499512106,10.58002573,0.429443618,,,,,,,,,,,,,,,,,,,,,,,,,,,,,,,,,,,,,,,,,,,,,,,,,,,,,,,,,,,,,,,,,,,,,,,,,,,,,,,,,,,,,,,,,,,,,,,,
79,0.27598272,9.715266477,0,-1.292632782,1.757898169,0.797568648,0.291367849,2938.826131,26.16,29.90633528,4895.75428,0.490853585,10.5666534,0.424247423,,,,,,,,,,,,,,,,,,,,,,,,,,,,,,,,,,,,,,,,,,,,,,,,,,,,,,,,,,,,,,,,,,,,,,,,,,,,,,,,,,,,,,,,,,,,,,,,
80,1.482002208,8.033253951,0,-1.283646862,1.283645825,0.797635473,0.279482231,2935.071869,25.62,32.72841119,4928.482691,0.482447451,10.55381949,0.419870144,,,,,,,,,,,,,,,,,,,,,,,,,,,,,,,,,,,,,,,,,,,,,,,,,,,,,,,,,,,,,,,,,,,,,,,,,,,,,,,,,,,,,,,,,,,,,,,,
81,1.481869561,8.033253951,0,-1.284953091,1.284952,0.797503356,0.267584517,2931.348509,25.62,32.72756159,4961.210252,0.474580129,10.54202151,0.416470489,,,,,,,,,,,,,,,,,,,,,,,,,,,,,,,,,,,,,,,,,,,,,,,,,,,,,,,,,,,,,,,,,,,,,,,,,,,,,,,,,,,,,,,,,,,,,,,,
82,1.481736699,8.033253951,0,-1.286200741,1.286199594,0.797371023,0.255675251,2927.653683,25.62,32.72671061,4993.936963,0.467161366,10.53115417,0.413708969,,,,,,,,,,,,,,,,,,,,,,,,,,,,,,,,,,,,,,,,,,,,,,,,,,,,,,,,,,,,,,,,,,,,,,,,,,,,,,,,,,,,,,,,,,,,,,,,
83,1.481600304,8.033253951,0,-1.28740211,1.287400909,0.79723517,0.243754861,2923.985593,25.62,32.725837,5026.6628,0.460157679,10.5211413,0.411196289,,,,,,,,,,,,,,,,,,,,,,,,,,,,,,,,,,,,,,,,,,,,,,,,,,,,,,,,,,,,,,,,,,,,,,,,,,,,,,,,,,,,,,,,,,,,,,,,
84,6.115082515,3.382698323,0,-1.288463984,1.288462729,0.797762614,0.231824639,2920.342051,25.53,48.81396905,5075.476769,0.453638292,10.5120547,0.408626008,,,,,,,,,,,,,,,,,,,,,,,,,,,,,,,,,,,,,,,,,,,,,,,,,,,,,,,,,,,,,,,,,,,,,,,,,,,,,,,,,,,,,,,,,,,,,,,,
85,6.114945026,3.382698323,0,-1.289577297,1.28957599,0.797625668,0.219884109,2916.722915,25.53,48.81309152,5124.28986,0.447480701,10.50366943,0.405442456,,,,,,,,,,,,,,,,,,,,,,,,,,,,,,,,,,,,,,,,,,,,,,,,,,,,,,,,,,,,,,,,,,,,,,,,,,,,,,,,,,,,,,,,,,,,,,,,
86,6.114810427,3.382698323,0,-1.290626858,1.290625498,0.797491603,0.20793386,2913.127636,25.53,48.81223245,5173.102093,0.441783346,10.49606119,0.401187434,,,,,,,,,,,,,,,,,,,,,,,,,,,,,,,,,,,,,,,,,,,,,,,,,,,,,,,,,,,,,,,,,,,,,,,,,,,,,,,,,,,,,,,,,,,,,,,,
87,6.114680971,3.382698323,0,-1.29156998,1.291568568,0.79736266,0.195974879,2909.556124,25.53,48.81140619,5221.913499,0.43662075,10.48918832,0.395114471,,,,,,,,,,,,,,,,,,,,,,,,,,,,,,,,,,,,,,,,,,,,,,,,,,,,,,,,,,,,,,,,,,,,,,,,,,,,,,,,,,,,,,,,,,,,,,,,
88,0.272926245,9.512166506,0,-1.296537739,1.558702762,0.796386126,0.1839699,2907.607487,25.48,29.2524818,5251.165981,0.432063368,10.48285952,0.385930812,,,,,,,,,,,,,,,,,,,,,,,,,,,,,,,,,,,,,,,,,,,,,,,,,,,,,,,,,,,,,,,,,,,,,,,,,,,,,,,,,,,,,,,,,,,,,,,,
89,0.272804193,9.512166506,0,-1.296770929,1.558935902,0.796264561,0.171962762,2905.684031,25.48,29.25170433,5280.417685,0.42829461,10.47692416,0.371853453,,,,,,,,,,,,,,,,,,,,,,,,,,,,,,,,,,,,,,,,,,,,,,,,,,,,,,,,,,,,,,,,,,,,,,,,,,,,,,,,,,,,,,,,,,,,,,,,
90,0.272681388,9.512166506,0,-1.296709202,1.55887412,0.796142249,0.159956196,2903.790786,25.48,29.25092206,5309.668607,0.425335904,10.47089765,0.350256097,,,,,,,,,,,,,,,,,,,,,,,,,,,,,,,,,,,,,,,,,,,,,,,,,,,,,,,,,,,,,,,,,,,,,,,,,,,,,,,,,,,,,,,,,,,,,,,,
91,0.272552827,9.512166506,0,-1.296348915,1.558513773,0.796014206,0.147952965,2901.936396,25.48,29.25010312,5338.91871,0.422994732,10.46406572,0.318412954,,,,,,,,,,,,,,,,,,,,,,,,,,,,,,,,,,,,,,,,,,,,,,,,,,,,,,,,,,,,,,,,,,,,,,,,,,,,,,,,,,,,,,,,,,,,,,,,
92,0.405141936,9.114497855,0,-1.292510147,1.29250844,0.795892486,0.135985279,2898.54063,24.94,28.88974502,5367.808455,0.420338789,10.45521342,0.275264067,,,,,,,,,,,,,,,,,,,,,,,,,,,,,,,,,,,,,,,,,,,,,,,,,,,,,,,,,,,,,,,,,,,,,,,,,,,,,,,,,,,,,,,,,,,,,,,,
93,0.404916677,9.114497855,0,-1.292787778,1.292786003,0.795668098,0.124015022,2895.212173,24.94,28.88834053,5396.696796,0.415181921,10.44290632,0.227085847,,,,,,,,,,,,,,,,,,,,,,,,,,,,,,,,,,,,,,,,,,,,,,,,,,,,,,,,,,,,,,,,,,,,,,,,,,,,,,,,,,,,,,,,,,,,,,,,
94,0.40458702,9.114497855,0,-1.294858195,1.294856348,0.79533969,0.112025594,2891.965529,24.94,28.88628511,5425.583081,0.403344472,10.4265378,0.185899699,,,,,,,,,,,,,,,,,,,,,,,,,,,,,,,,,,,,,,,,,,,,,,,,,,,,,,,,,,,,,,,,,,,,,,,,,,,,,,,,,,,,,,,,,,,,,,,,
95,0.404726597,9.114497855,0,-1.298757356,1.298755415,0.795478862,0.100000063,2888.843886,24.94,28.88715538,5454.470236,0.383465041,10.40925855,0.121451877,,,,,,,,,,,,,,,,,,,,,,,,,,,,,,,,,,,,,,,,,,,,,,,,,,,,,,,,,,,,,,,,,,,,,,,,,,,,,,,,,,,,,,,,,,,,,,,,
